CFD-WF-018-017-N.jpg,Judith,Bessie
CFD-WF-216-079-N.jpg,Shirley,Charlotte
CFD-WF-207-014-N.jpg,Carol,Pamela
CFD-WF-005-010-N.jpg,Deborah,Michelle
CFD-WF-236-107-N.jpg,Tracy,Minnie
CFD-WF-241-210-N.jpg,Ida,Rachel
CFD-WF-023-003-N.jpg,Helen,Sandra
CFD-WF-033-002-N.jpg,Abigail,Lillian
CFD-WF-230-158-N.jpg,Frances,Doris
CFD-WF-028-023-N.jpg,Kathleen,Mildred
CFD-WF-212-050-N.jpg,Karen,Clara
CFD-WF-213-031-N.jpg,Chloe,Frances
CFD-WF-223-133-N.jpg,Alexis,Julie
CFD-WF-251-014-N.jpg,Megan,Susan
CFD-WF-200-099-N.jpg,Lauren,Sarah
CFD-WF-249-126-N.jpg,Evelyn,Emma
CFD-WF-208-068-N.jpg,Tammy,Kimberly
CFD-WF-214-122-N.jpg,Julie,Samantha
CFD-WF-250-167-N.jpg,Nancy,Debra
CFD-WF-012-002-N.jpg,Sophia,Crystal
CFD-WF-252-159-N.jpg,Sharon,Mia
CFD-WF-235-121-N.jpg,Lori,Evelyn
CFD-WF-226-095-N.jpg,Lisa,Ida
CFD-WF-026-002-N.jpg,Clara,Kelly
CFD-WF-248-129-N.jpg,Cynthia,Linda
CFD-WF-239-155-N.jpg,Taylor,Laura
CFD-WF-024-003-N.jpg,Ava,Shirley
CFD-WF-220-101-N.jpg,Jennifer,Kathleen
CFD-WF-215-145-N.jpg,Harper,Annie
CFD-WF-202-056-N.jpg,Margaret,Ashley
CFD-WF-022-017-N.jpg,Dorothy,Tracy
CFD-WF-002-004-N.jpg,Doris,Betty
CFD-WF-222-092-N.jpg,Charlotte,Cynthia
CFD-WF-221-005-N.jpg,Betty,Joan
CFD-WF-015-006-N.jpg,Michelle,Heather
CFD-WF-031-027-N.jpg,Laura,Donna
CFD-WF-201-156-N.jpg,Sandra,Barbara
CFD-WF-020-002-N.jpg,Ethel,Sharon
CFD-WF-218-087-N.jpg,Ashley,Jessica
CFD-WF-205-006-N.jpg,Marie,Ethel
CFD-WF-231-099-N.jpg,Donna,Taylor
CFD-WF-240-083-N.jpg,Bertha,Bertha
CFD-WF-209-052-N.jpg,Debra,Alexis
CFD-WF-013-003-N.jpg,Ruth,Isabella
CFD-WF-217-085-N.jpg,Minnie,Margaret
CFD-WF-210-086-N.jpg,Barbara,Lisa
CFD-WF-039-025-N.jpg,Lillian,Abigail
CFD-WF-009-001-N.jpg,Susan,Virginia
CFD-WF-233-112-N.jpg,Olivia,Elizabeth
CFD-WF-225-101-N.jpg,Elizabeth,Rebecca
CFD-WF-242-001-N.jpg,Amy,Judith
CFD-WF-211-001-N.jpg,Anna,Amanda
CFD-WF-203-229-N.jpg,Sarah,Chloe
CFD-WF-030-002-N.jpg,Mildred,Hannah
CFD-WF-246-087-N.jpg,Samantha,Karen
CFD-WF-007-001-N.jpg,Patricia,Mary
CFD-WF-243-148-N.jpg,Kelly,Dorothy
CFD-WF-224-099-N.jpg,Linda,Brittany
CFD-WF-034-006-N.jpg,Amanda,Ruth
CFD-WF-001-003-N.jpg,Rachel,Lori
CFD-WF-238-023-N.jpg,Mary,Anna
CFD-WF-247-065-N.jpg,Melissa,Madison
CFD-WF-021-002-N.jpg,Rebecca,Nicole
CFD-WF-206-147-N.jpg,Crystal,Tammy
CFD-WF-017-003-N.jpg,Joan,Lauren
CFD-WF-016-015-N.jpg,Stephanie,Amy
CFD-WF-029-002-N.jpg,Hannah,Ava
CFD-WF-204-038-N.jpg,Kimberly,Angela
CFD-WF-036-023-N.jpg,Emily,Florence
CFD-WF-006-002-N.jpg,Virginia,Carol
CFD-WF-227-002-N.jpg,Nicole,Harper
CFD-WF-237-067-N.jpg,Isabella,Marie
CFD-WF-027-003-N.jpg,Madison,Patricia
CFD-WF-014-002-N.jpg,Florence,Carolyn
CFD-WF-232-161-N.jpg,Emma,Alice
CFD-WF-025-019-N.jpg,Mia,Megan
CFD-WF-011-002-N.jpg,Annie,Sophia
CFD-WF-010-004-N.jpg,Jessica,Deborah
CFD-WF-234-086-N.jpg,Pamela,Emily
CFD-WF-008-002-N.jpg,Bessie,Stephanie
CFD-WF-019-005-N.jpg,Heather,Jennifer
CFD-WF-219-038-N.jpg,Alice,Melissa
CFD-WF-229-004-N.jpg,Brittany,Olivia
CFD-WF-038-021-N.jpg,Angela,Helen
CFD-WF-228-196-N.jpg,Carolyn,Nancy
