CFD-WM-013-001-N.jpg,Mason,Aiden
CFD-WM-039-018-N.jpg,Charles,Alexander
CFD-WM-018-002-N.jpg,Richard,Andrew
CFD-WM-037-025-N.jpg,Ethan,Anthony
CFD-WM-210-057-N.jpg,Mark,Austin
CFD-WM-200-034-N.jpg,Tyler,Benjamin
CFD-WM-248-036-N.jpg,David,Brandon
CFD-WM-238-020-N.jpg,Scott,Brian
CFD-WM-020-001-N.jpg,Michael,Charles
CFD-WM-244-003-N.jpg,Larry,Christopher
CFD-WM-213-076-N.jpg,Brian,Daniel
CFD-WM-041-021-N.jpg,Frank,David
CFD-WM-022-001-N.jpg,John,Donald
CFD-WM-218-074-N.jpg,Jacob,Edward
CFD-WM-237-052-N.jpg,Austin,Elijah
CFD-WM-236-072-N.jpg,Ronald,Ethan
CFD-WM-017-002-N.jpg,Matthew,Frank
CFD-WM-211-054-N.jpg,Andrew,Gary
CFD-WM-009-002-N.jpg,William,George
CFD-WM-220-068-N.jpg,Thomas,Harry
CFD-WM-250-157-N.jpg,Henry,Henry
CFD-WM-233-106-N.jpg,Aiden,Jacob
CFD-WM-256-138-N.jpg,Edward,James
CFD-WM-015-002-N.jpg,Brandon,Jason
CFD-WM-204-031-N.jpg,Donald,Jayden
CFD-WM-251-002-N.jpg,Gary,Jeffrey
CFD-WM-209-038-N.jpg,Alexander,John
CFD-WM-019-003-N.jpg,James,Joseph
CFD-WM-219-008-N.jpg,Harry,Joshua
CFD-WM-031-003-N.jpg,Nicholas,Justin
CFD-WM-242-011-N.jpg,Jayden,Larry
CFD-WM-227-099-N.jpg,Benjamin,Liam
CFD-WM-257-161-N.jpg,Christopher,Mark
CFD-WM-229-129-N.jpg,Jason,Mason
CFD-WM-001-014-N.jpg,Walter,Matthew
CFD-WM-235-147-N.jpg,Joseph,Michael
CFD-WM-243-107-N.jpg,Justin,Nicholas
CFD-WM-021-001-N.jpg,Anthony,Noah
CFD-WM-232-070-N.jpg,Jeffrey,Richard
CFD-WM-206-045-N.jpg,Noah,Robert
CFD-WM-012-001-N.jpg,Steven,Ronald
CFD-WM-249-239-N.jpg,Liam,Scott
CFD-WM-215-041-N.jpg,Daniel,Steven
CFD-WM-006-002-N.jpg,George,Thomas
CFD-WM-208-068-N.jpg,Robert,Tyler
CFD-WM-252-224-N.jpg,Elijah,Walter
CFD-WM-016-001-N.jpg,Joshua,William
